id,processo,tipo_processo,nr_edital,modalidade,orgao,empresa,setor,objeto,dt_abertura,situacao,local_abertura,total_forn_retiraram_edital,total_forn_participantes,canal,relevante_af,url_detalhe,coletado_em
30,AD 3/2019 - SMSAN/FAAC,AD,,,SMSAN/FAAC,Fundo de Abastecimento Alimentar de Curitiba,,PRESTAÇÃO DE SERVIÇOS DE RESTAURAÇÃO DE MESAS E CONFECÇÕES DE BALCÃO PARA RECEPÇÃO,2019-10-14,Concluído,,0,0,OUTRO,false,#,2026-03-26 01:00:56.031374+00
34,DS 70/2019 - SMSAN/FAAC,DS,,,SMSAN/FAAC,Fundo de Abastecimento Alimentar de Curitiba,,"Aquisição de produtos alimentícios, de higiene e limpeza.",2019-07-30,Concluído,,0,0,OUTRO,false,#,2026-03-26 01:00:57.316347+00
36,DE 4/2019 - SMSAN/FAAC,DE,,,SMSAN/FAAC,Fundo de Abastecimento Alimentar de Curitiba,,PRESTAÇÃO DE SERVIÇO DE CONFECÇÃO E INSTALAÇÃO DE BANNER E PLACA DE INAUGURAÇÃO PARA UNIDADE ARMAZÉM DA FAMÍLIA SÃO BRAZ,2019-11-12,Concluído,,0,0,ARMAZEM_FAMILIA,true,#,2026-03-26 01:03:12.876892+00
37,DE 5/2019 - SMSAN/FAAC,DE,,,SMSAN/FAAC,Fundo de Abastecimento Alimentar de Curitiba,,AQUISIÇÃO DE CAFETEIRA INDUSTRIAL ELÉTRICA 20 LITROS.,2019-11-18,Concluído,,0,0,OUTRO,false,#,2026-03-26 01:03:13.095689+00
38,DE 6/2019 - SMSAN/FAAC,DE,,,SMSAN/FAAC,Fundo de Abastecimento Alimentar de Curitiba,,PRESTAÇÃO DE SERVIÇO DE LOCAÇÃO DE EMPILHADEIRA,2019-11-18,Concluído,,0,0,OUTRO,false,#,2026-03-26 01:03:13.295989+00
55,DS 73/2019 - SMSAN/FAAC,DS,,,SMSAN/FAAC,Fundo de Abastecimento Alimentar de Curitiba,,Aquisição de produtos alimentícios.,2019-08-13,Concluído,,0,0,OUTRO,false,,2026-03-26 01:50:01.223961+00
56,DS 75/2019 - SMSAN/FAAC,DS,,,SMSAN/FAAC,Fundo de Abastecimento Alimentar de Curitiba,,"Aquisição de produtos alimentícios, de higiene e limpeza.",2019-08-20,Concluído,,0,0,OUTRO,false,,2026-03-26 01:50:01.44593+00
57,DS 77/2019 - SMSAN/FAAC,DS,,,SMSAN/FAAC,Fundo de Abastecimento Alimentar de Curitiba,,MANUTENÇÃO DE COFRES DOS ARMAZÉNS DA FAMÍLIA,2019-08-22,Concluído,,0,0,OUTRO,false,,2026-03-26 01:50:01.682904+00
58,DS 78/2019 - SMSAN/FAAC,DS,,,SMSAN/FAAC,Fundo de Abastecimento Alimentar de Curitiba,,"SERVIÇO DE MANUTENÇÃO DE TRATOR , INCLUINDO FORNECIMENTO DE PEÇAS",2019-08-23,Concluído,,0,0,OUTRO,false,,2026-03-26 01:50:01.908371+00
59,DS 79/2019 - SMSAN/FAAC,DS,,,SMSAN/FAAC,Fundo de Abastecimento Alimentar de Curitiba,,"AQUISIÇÃO DE GÊNEROS ALIMENTÍCIOS, HIGIENE E LIMPEZA.",2019-09-10,Concluído,,0,0,OUTRO,false,,2026-03-26 01:50:02.101833+00
60,DS 81/2019 - SMSAN/FAAC,DS,,,SMSAN/FAAC,Fundo de Abastecimento Alimentar de Curitiba,,"Aquisição de produtos alimentícios, de higiene e limpeza.",2019-09-12,Concluído,,0,0,OUTRO,false,,2026-03-26 01:50:04.952503+00
61,DS 83/2019 - SMSAN/FAAC,DS,,,SMSAN/FAAC,Fundo de Abastecimento Alimentar de Curitiba,,Aquisição de produtos alimentícios.,2019-09-19,Concluído,,0,0,OUTRO,false,,2026-03-26 01:50:05.215426+00
62,DS 84/2019 - SMSAN/FAAC,DS,,,SMSAN/FAAC,Fundo de Abastecimento Alimentar de Curitiba,,SERVIÇO DE MANUTENÇÃO DE TRATOR INCLUINDO FORNECIMENTO DE PEÇAS,2019-09-20,Concluído,,0,0,OUTRO,false,,2026-03-26 01:50:05.422022+00
63,DS 86/2019 - SMSAN/FAAC,DS,,,SMSAN/FAAC,Fundo de Abastecimento Alimentar de Curitiba,,"Aquisição de produtos alimentícios, de higiene e limpeza.",2019-10-09,Concluído,,0,0,OUTRO,false,,2026-03-26 01:50:05.598789+00
64,DS 87/2019 - SMSAN/FAAC,DS,,,SMSAN/FAAC,Fundo de Abastecimento Alimentar de Curitiba,,Aquisição de produtos alimentícios e limpeza.,2019-10-10,Concluído,,0,0,OUTRO,false,,2026-03-26 01:50:05.775683+00
65,DS 88/2019 - SMSAN/FAAC,DS,,,SMSAN/FAAC,Fundo de Abastecimento Alimentar de Curitiba,,Aquisição de produtos alimentícios e higiene.,2019-10-10,Concluído,,0,0,OUTRO,false,,2026-03-26 01:50:08.500663+00
66,DS 89/2019 - SMSAN/FAAC,DS,,,SMSAN/FAAC,Fundo de Abastecimento Alimentar de Curitiba,,Aquisição de produto alimentício. Para suprir o programa Armazém da Família,2019-10-10,Concluído,,0,0,ARMAZEM_FAMILIA,true,,2026-03-26 01:50:08.673793+00
67,DS 90/2019 - SMSAN/FAAC,DS,,,SMSAN/FAAC,Fundo de Abastecimento Alimentar de Curitiba,,"Aquisição de produtos alimentícios, de higiene e limpeza.",2019-10-22,Concluído,,0,0,OUTRO,false,,2026-03-26 01:50:08.846229+00
68,DS 91/2019 - SMSAN/FAAC,DS,,,SMSAN/FAAC,Fundo de Abastecimento Alimentar de Curitiba,,"Aquisição de produtos alimentícios, de higiene e limpeza.",2019-10-22,Concluído,,0,0,OUTRO,false,,2026-03-26 01:50:09.011797+00
69,DS 92/2019 - SMSAN/FAAC,DS,,,SMSAN/FAAC,Fundo de Abastecimento Alimentar de Curitiba,,AQUISIÇÃO DE PÃO DE LEITE E INTEGRAL.,2019-10-31,Concluído,,0,0,OUTRO,false,,2026-03-26 01:50:09.182399+00
70,DS 93/2019 - SMSAN/FAAC,DS,,,SMSAN/FAAC,Fundo de Abastecimento Alimentar de Curitiba,,"Aquisição de produtos alimentícios, de higiene e limpeza.",2019-11-07,Concluído,,0,0,OUTRO,false,,2026-03-26 01:50:11.88147+00
71,DS 94/2019 - SMSAN/FAAC,DS,,,SMSAN/FAAC,Fundo de Abastecimento Alimentar de Curitiba,,"Aquisição de produtos alimentícios, de higiene e limpeza.",2019-11-07,Concluído,,0,0,OUTRO,false,,2026-03-26 01:50:12.062026+00
72,DS 95/2019 - SMSAN/FAAC,DS,,,SMSAN/FAAC,Fundo de Abastecimento Alimentar de Curitiba,,"Aquisição de produtos alimentícios, de higiene e limpeza.",2019-11-14,Concluído,,0,0,OUTRO,false,,2026-03-26 01:50:12.241547+00
73,DS 96/2019 - SMSAN/FAAC,DS,,,SMSAN/FAAC,Fundo de Abastecimento Alimentar de Curitiba,,AQUISIÇÃO DE PRODUTOS PERECÍVEIS.,2019-11-12,Concluído,,0,0,OUTRO,false,,2026-03-26 01:50:12.414115+00
74,DS 97/2019 - SMSAN/FAAC,DS,,,SMSAN/FAAC,Fundo de Abastecimento Alimentar de Curitiba,,SERVIÇO DE MANUTENÇÃO EM COLETOR DE DADOS,2019-11-06,Concluído,,0,0,OUTRO,false,,2026-03-26 01:50:12.588982+00
125,DS 98/2019 - SMSAN/FAAC,DS,,,SMSAN/FAAC,Fundo de Abastecimento Alimentar de Curitiba,,"Aquisição de produtos alimentícios, de higiene e limpeza.",2019-11-19,Concluído,,0,0,OUTRO,false,,2026-03-26 01:53:40.383656+00
126,DS 99/2019 - SMSAN/FAAC,DS,,,SMSAN/FAAC,Fundo de Abastecimento Alimentar de Curitiba,,"Aquisição de produtos alimentícios, de higiene e limpeza.",2019-11-19,Concluído,,0,0,OUTRO,false,,2026-03-26 01:53:40.562975+00
127,DS 100/2019 - SMSAN/FAAC,DS,,,SMSAN/FAAC,Fundo de Abastecimento Alimentar de Curitiba,,"Aquisição de produtos alimentícios, de higiene e limpeza.",2019-11-18,Concluído,,0,0,OUTRO,false,,2026-03-26 01:53:40.744901+00
128,DS 101/2019 - SMSAN/FAAC,DS,,,SMSAN/FAAC,Fundo de Abastecimento Alimentar de Curitiba,,"Aquisição de produtos alimentícios, de higiene e limpeza. Para suprir o programa Armazém da Família.",2019-11-18,Concluído,,0,0,ARMAZEM_FAMILIA,true,,2026-03-26 01:53:40.958161+00
129,DS 102/2019 - SMSAN/FAAC,DS,,,SMSAN/FAAC,Fundo de Abastecimento Alimentar de Curitiba,,Aquisição de produtos através do protocolo 01-121485/2019.,2019-11-08,Concluído,,0,0,OUTRO,false,,2026-03-26 01:53:41.137921+00
130,DS 103/2019 - SMSAN/FAAC,DS,,,SMSAN/FAAC,Fundo de Abastecimento Alimentar de Curitiba,,"SERVIÇO DE MANUTENÇÃO DAS CANCELAS DO PORTÃO DE ACESSO DE VEÍCULOS DA CENTRAL DE DISTRIBUIÇÃO , INCLUINDO FORNECIMENTO DE PEÇAS",2019-11-13,Concluído,,0,0,OUTRO,false,,2026-03-26 01:53:43.855679+00
131,DS 104/2019 - SMSAN/FAAC,DS,,,SMSAN/FAAC,Fundo de Abastecimento Alimentar de Curitiba,,SERVIÇO DE MANUTENÇÃO DE TRATOR INCLUINDO FORNECIMENTO DE PEÇAS MODELO NEW HOLAND TL 75E PLACA AOG6096,2019-11-13,Concluído,,0,0,OUTRO,false,,2026-03-26 01:53:44.05498+00
132,DS 105/2019 - SMSAN/FAAC,DS,,,SMSAN/FAAC,Fundo de Abastecimento Alimentar de Curitiba,,Aquisição de queijo mussarela da DS 96/2019.,2019-11-22,Concluído,,0,0,OUTRO,false,,2026-03-26 01:53:44.262552+00
133,DS 106/2019 - SMSAN/FAAC,DS,,,SMSAN/FAAC,Fundo de Abastecimento Alimentar de Curitiba,,Aquisição de produtos alimentícios,2019-11-28,Concluído,,0,0,OUTRO,false,,2026-03-26 01:53:44.464278+00
134,DS 107/2019 - SMSAN/FAAC,DS,,,SMSAN/FAAC,Fundo de Abastecimento Alimentar de Curitiba,,Aquisição de gêneros alimentícios.,2019-12-03,Concluído,,0,0,OUTRO,false,,2026-03-26 01:53:44.640642+00
135,DS 108/2019 - SMSAN/FAAC,DS,,,SMSAN/FAAC,Fundo de Abastecimento Alimentar de Curitiba,,Aquisição de generos alimenticios para atender os armazéns da familia.,2019-12-03,Concluído,,0,0,OUTRO,false,,2026-03-26 01:53:47.304727+00
136,DS 109/2019 - SMSAN/FAAC,DS,,,SMSAN/FAAC,Fundo de Abastecimento Alimentar de Curitiba,,"Aquisição de produtos alimentícios, de higiene e limpeza.",2019-12-10,Concluído,,0,0,OUTRO,false,,2026-03-26 01:53:47.531737+00
137,DS 110/2019 - SMSAN/FAAC,DS,,,SMSAN/FAAC,Fundo de Abastecimento Alimentar de Curitiba,,Aquisição de produtos alimentícios.,2019-12-13,Concluído,,0,0,OUTRO,false,,2026-03-26 01:53:47.740614+00
138,DS 111/2019 - SMSAN/FAAC,DS,,,SMSAN/FAAC,Fundo de Abastecimento Alimentar de Curitiba,,"Aquisição de produtos alimentícios, de higiene e limpeza.",2019-12-19,Concluído,,0,0,OUTRO,false,,2026-03-26 01:53:47.93947+00
139,DS 112/2019 - SMSAN/FAAC,DS,,,SMSAN/FAAC,Fundo de Abastecimento Alimentar de Curitiba,,"Aquisição de produtos alimentícios, de higiene e limpeza.",2019-12-19,Concluído,,0,0,OUTRO,false,,2026-03-26 01:53:48.272329+00
140,DT 1/2019 - SMSAN/FAAC,DT,,,SMSAN/FAAC,Fundo de Abastecimento Alimentar de Curitiba,,CONTRATO DE LOCAÇÃO DE IMÓVEL PARA IMPLANTAÇÃO DA UNIDADE DO PROGRAMA ARMAZÉM DA FAMÍLIA.,2019-11-28,Julgado,,0,0,ARMAZEM_FAMILIA,true,,2026-03-26 01:56:24.989736+00
182,DT 2/2019 - SMSAN/FAAC,DT,,,SMSAN/FAAC,Fundo de Abastecimento Alimentar de Curitiba,,CONTRATAÇÃO DE SERVIÇOS DE COBRANÇA BANCÁRIA.,2019-11-28,Julgado,,0,0,OUTRO,false,,2026-03-26 01:57:02.464781+00
183,FN 4/2019 - SMSAN/FAAC,FN,,,SMSAN/FAAC,Fundo de Abastecimento Alimentar de Curitiba,,TERMO DE CONVÊNIO PARA OPERACIONALIZAÇÃO DO PROGRAMA ARMAZÉM DA FAMÍLIA NO MUNICÍPIO DE COLOMBO.,2019-08-30,Julgado,,0,0,ARMAZEM_FAMILIA,true,,2026-03-26 01:57:02.647243+00
184,FN 5/2019 - SMSAN/FAAC,FN,,,SMSAN/FAAC,Fundo de Abastecimento Alimentar de Curitiba,,CONVÊNIO ENTRE O MUNICÍPIO DE CURITIBA E O MUNICÍPIO DE SÃO JOSÉ DOS PINHAIS COM O OBJETIVO DE OPERACIONALIZAÇÃO DO PROGRAMA ARMAZÉM DA FAMÍLIA.,2019-11-01,Julgado,,0,0,ARMAZEM_FAMILIA,true,,2026-03-26 01:57:02.821334+00
185,IN 1/2019 - SMSAN/FAAC,IN,,,SMSAN/FAAC,Fundo de Abastecimento Alimentar de Curitiba,,"CREDENCIAMENTO D OPERADORAS DE CARTÕES DE CRÉDITO "" CARTÃO ALIMENTAÇÃO E ""CARTÕES BENEFICIOS""",2019-11-14,Julgado,,0,0,OUTRO,false,,2026-03-26 01:57:02.993249+00
186,PE 21/2019 - SMSAN/FAAC,PE,,,SMSAN/FAAC,Fundo de Abastecimento Alimentar de Curitiba,,MANUTENÇÃO EM RÁDIOS TRANSCEPTORES PORTÁTEIS,2019-07-31,Deserto,,0,0,OUTRO,false,,2026-03-26 01:57:05.686888+00
187,PE 22/2019 - SMSAN/FAAC,PE,,,SMSAN/FAAC,Fundo de Abastecimento Alimentar de Curitiba,,CONTRATAÇÃO DE SERVIÇOS COMUNS DE ENGENHARIA PARA SUBSTITUIÇÃO DE PISOS EXISTENTES EM 06 (SEIS) UNIDADES DOS ARMAZÉNS DA FAMÍLIA-SMAB.,2019-07-31,Julgado,,0,0,OUTRO,false,,2026-03-26 01:57:05.856767+00
188,PE 23/2019 - SMSAN/FAAC,PE,,,SMSAN/FAAC,Fundo de Abastecimento Alimentar de Curitiba,,AQUISIÇÃO DE MATERIAIS PARA O SETOR DE AGRICULTURA URBANA,2019-08-08,Concluído,,0,0,OUTRO,false,,2026-03-26 01:57:06.018961+00
189,PE 24/2019 - SMSAN/FAAC,PE,,,SMSAN/FAAC,Fundo de Abastecimento Alimentar de Curitiba,,PRESTAÇÃO DE SERVIÇO DE MANUTENÇÃO PREVENTIVA E CORRETIVA DE EMPILHADEIRAS COM FORNECIMENTO DE PEÇAS,2019-08-27,Fracassado,,0,0,OUTRO,false,,2026-03-26 01:57:06.199914+00
190,PE 25/2019 - SMSAN/FAAC,PE,,,SMSAN/FAAC,Fundo de Abastecimento Alimentar de Curitiba,,AQUISIÇÃO DE EQUIPAMENTOS DE PROTEÇÃO CONTRA INCÊNDIO,2019-08-21,Concluído,,0,0,OUTRO,false,,2026-03-26 01:57:06.37097+00
191,PE 26/2019 - SMSAN/FAAC,PE,,,SMSAN/FAAC,Fundo de Abastecimento Alimentar de Curitiba,,"PRESTAÇÃO DE SERVIÇOS DE CONSERTO , REFORMA E MANUTENÇÃO EM 2 (DOIS) ELEVADORES COMERCIAIS COM FORNECIMENTO DE PEÇAS",2019-08-27,Concluído,,0,0,OUTRO,false,,2026-03-26 01:57:09.094506+00
192,PE 28/2019 - SMSAN/FAAC,PE,,,SMSAN/FAAC,Fundo de Abastecimento Alimentar de Curitiba,,"CONTRATAÇÃO DE EMPRESA ESPECIALIZADA EM SERVIÇOS DE SEGURANÇA DE MONITORAMENTO ELETRÔNICO 24 HORAS ININTERRUPTAS E CÂMERAS DE VIGILÂNCIA, COM LOCAÇÃO DOS EQUIPAMENTOS, INSTALAÇÃO, MANUTENÇÃO E MONITORAMENTO, EM TODO A CIRCUNSCRIÇÃO DOS ARMAZÉNS DA FAMÍLIA DO MUNICÍPIO DE CURITIBA E CENTRAL DE DISITRBUIÇÃO DA SMSANE SEDE ADMINISTRATIVA DA SMSAN",2019-10-16,Julgado,,0,0,OUTRO,false,,2026-03-26 01:57:09.262696+00
193,PE 30/2019 - SMSAN/FAAC,PE,,,SMSAN/FAAC,Fundo de Abastecimento Alimentar de Curitiba,,AQUISIÇÃO DE EQUIPAMENTOS DE INFORMÁTICA,2019-09-06,Concluído,,0,0,OUTRO,false,,2026-03-26 01:57:09.450182+00
194,PE 31/2019 - SMSAN/FAAC,PE,,,SMSAN/FAAC,Fundo de Abastecimento Alimentar de Curitiba,,AQUISIÇÃO DE MATERIAIS DE LIMPEZA E GARRAFA TÉRMICA.,2019-09-10,Concluído,,0,0,OUTRO,false,,2026-03-26 01:57:09.634791+00
195,PE 32/2019 - SMSAN/FAAC,PE,,,SMSAN/FAAC,Fundo de Abastecimento Alimentar de Curitiba,,"AQUISIÇÃO DE CADEIRAS ,MOUSE PAD , APOIO ERGONÔMICO ,SUPORTES (PROJETOR E TV) ELETRODOMÉSTICOS E LIXEIRAS",2019-09-18,Concluído,,0,0,OUTRO,false,,2026-03-26 01:57:09.814538+00
196,PE 33/2019 - SMSAN/FAAC,PE,,,SMSAN/FAAC,Fundo de Abastecimento Alimentar de Curitiba,,"SERVIÇO DE CONFECÇÃO E INSTALAÇÃO DE GUARDA CORPO ,TOLDO,FORRO E COIFA",2019-10-25,Concluído,,0,0,OUTRO,false,,2026-03-26 01:57:12.53331+00
197,PE 34/2019 - SMSAN/FAAC,PE,,,SMSAN/FAAC,Fundo de Abastecimento Alimentar de Curitiba,,CONTRATAÇÃO DE SERVIÇOS DE CONFECÇÃO E INSTALAÇÃO DE LIXEIRAS PARA ARMAZÉNS DA FAMÍLIA,2019-10-29,Concluído,,0,0,OUTRO,false,,2026-03-26 01:57:12.718659+00
198,PE 35/2019 - SMSAN/FAAC,PE,,,SMSAN/FAAC,Fundo de Abastecimento Alimentar de Curitiba,,"AQUISIÇÃO E INSTALAÇÃO DE EQUIPAMENTOS DE AR CONDICIONADO , INCLUINDO MÃO DE OBRA E FORNECIMENTO DE PEÇAS",2019-10-28,Concluído,,0,0,OUTRO,false,,2026-03-26 01:57:12.897587+00
199,PE 36/2019 - SMSAN/FAAC,PE,,,SMSAN/FAAC,Fundo de Abastecimento Alimentar de Curitiba,,"AQUISIÇÃO DE LÂMPADA PARA PROJETOR , FONTE/CARREGADOR PARA NOTEBOOK E BATERIA PARA NOBREAK",2019-10-29,Concluído,,0,0,OUTRO,false,,2026-03-26 01:57:13.070201+00
200,PE 37/2019 - SMSAN/FAAC,PE,,,SMSAN/FAAC,Fundo de Abastecimento Alimentar de Curitiba,,PRESTAÇÃO DE SERVIÇO DE INSTALAÇÃO DE PISO DE BORRACHA ANTIDERRAPANTE E CONSERTO DE PAREDE/DIVISÓRIA COM FORNECIMENTO DE MATERIAL,2019-11-06,Concluído,,0,0,OUTRO,false,,2026-03-26 01:57:13.243883+00
201,PE 38/2019 - SMSAN/FAAC,PE,,,SMSAN/FAAC,Fundo de Abastecimento Alimentar de Curitiba,,AQUISIÇÃO DE MATERIAIS E INSUMOS PARA O SETOR DE AGRICULTURA URBANA,2019-11-08,Anulado,,0,0,OUTRO,false,,2026-03-26 01:57:16.009746+00
202,PE 39/2019 - SMSAN/FAAC,PE,,,SMSAN/FAAC,Fundo de Abastecimento Alimentar de Curitiba,,"PRESTAÇÃO DE SERVIÇO DE MANUTENÇÃO PREVENTIVA E CORRETIVA EM EQUIPAMENTOS DE REFRIGERAÇÃO COM MÃO DE OBRA E FORNECIMENTO DE PEÇAS , ATRAVÉS DO SISTEMA DE REGISTRO DE PREÇO , PELO PERIODO DE 12 MESES.",2019-11-08,Concluído,,0,0,OUTRO,false,,2026-03-26 01:57:16.205782+00
203,PE 40/2019 - SMSAN/FAAC,PE,,,SMSAN/FAAC,Fundo de Abastecimento Alimentar de Curitiba,,"PRESTAÇÃO DE SERVIÇOS DE DESOBSTRUÇÃO/LIMPEZA DE TUBULAÇÕES EM GERAL , ESGOTAMENTO DE FOSSA , LIMPEZA E ESGOTAMENTO DE CAIXA DE GORDURA , ATRAVÉS DO SISTEMA DE REGISTRO DE PREÇO , PELO PERÍODO DE 12 (DOZE) MESES .",2019-11-21,Concluído,,0,0,OUTRO,false,,2026-03-26 01:57:16.388202+00
204,PE 41/2019 - SMSAN/FAAC,PE,,,SMSAN/FAAC,Fundo de Abastecimento Alimentar de Curitiba,,"INSTALAÇÃO DE GRADE , GRADE COM PORTÃO E PORTÃO COM FORNECIMENTO DE MATERIAL E MÃO DE OBRA , PARA OS ARMAZÉNS DA FAMÍLIA OSTERNACK E UBEABA",2019-11-26,Concluído,,0,0,OUTRO,false,,2026-03-26 01:57:16.567099+00
205,PE 42/2019 - SMSAN/FAAC,PE,,,SMSAN/FAAC,Fundo de Abastecimento Alimentar de Curitiba,,"PRESTAÇÃO DE SERVIÇOS DE MANUTENÇÃO DE BALANÇAS ELETRÔNICAS COM FORNECIMENTO DE PEÇAS , ATRAVÉS DO SISTEMA DE REGISTRO DE PREÇOS PELO PERÍODO DE 12 (DOZE) MESES.",2019-11-26,Concluído,,0,0,OUTRO,false,,2026-03-26 01:57:16.749666+00
206,PE 43/2019 - SMSAN/FAAC,PE,,,SMSAN/FAAC,Fundo de Abastecimento Alimentar de Curitiba,,"""AQUISIÇÃO DE ITENS NECESSÁRIOS PARA A IMPLANTAÇÃO DO PROGRAMA FAZENDA URBANA""",2019-11-28,Concluído,,0,0,OUTRO,false,,2026-03-26 01:57:19.462498+00
207,PE 44/2019 - SMSAN/FAAC,PE,,,SMSAN/FAAC,Fundo de Abastecimento Alimentar de Curitiba,,"AQUISIÇÃO DE CARTUCHOS DE TONERS , CARTUCHOS DE TINTA E FOTOCONDUTORES COMPATÍVEIS E REMANUFATURADOS , ATRAVÉS DE REGISTRO DE PREÇO , PELO PERÍODO DE 12 (DOZE ) MESES",2019-11-27,Concluído,,0,0,OUTRO,false,,2026-03-26 01:57:19.683243+00
208,PE 45/2019 - SMSAN/FAAC,PE,,,SMSAN/FAAC,Fundo de Abastecimento Alimentar de Curitiba,,AQUISIÇÃO DE EQUIPAMENTOS PARA AS UNIDADES DOS ARMAZÉNS DA FAMÍLIA,2019-12-02,Concluído,,0,0,OUTRO,false,,2026-03-26 01:57:19.858045+00
209,PE 46/2019 - SMSAN/FAAC,PE,,,SMSAN/FAAC,Fundo de Abastecimento Alimentar de Curitiba,,"SERVIÇO DE CONFECÇÃO E INSTALAÇÃO DE 02 TOLDOS E DE UMA GRADE DE PROTEÇÃO MODELO TIJOLINHO , COM FORNECIMENTO DE MATERIAL E MÃO DE OBRA , PARA O ARMAZÉM DA FAMÍLIA SÃO BRAZ.",2019-12-03,Concluído,,0,0,ARMAZEM_FAMILIA,true,,2026-03-26 01:57:20.039809+00
210,PE 47/2019 - SMSAN/FAAC,PE,,,SMSAN/FAAC,Fundo de Abastecimento Alimentar de Curitiba,,PRESTAÇÃO DE SERVIÇO DE MANUTENÇÃO PREVENTIVA E CORETIVA DE EMPILHADEIRAS COM FONECIMENTO DE PEÇAS,2019-12-04,Concluído,,0,0,OUTRO,false,,2026-03-26 01:57:20.21425+00
211,PE 48/2019 - SMSAN/FAAC,PE,,,SMSAN/FAAC,Fundo de Abastecimento Alimentar de Curitiba,,AQUISIÇÃO DE MOBILIÁRIO E MATERIAIS,2019-12-04,Concluído,,0,0,OUTRO,false,,2026-03-26 01:57:22.936859+00
212,PE 49/2019 - SMSAN/FAAC,PE,,,SMSAN/FAAC,Fundo de Abastecimento Alimentar de Curitiba,,"AQUISIÇÃO DE TABLETS, IMPRESSORAS TÉRMICAS NÃO FISCAIS, TECLADO PARA PDV, GAVETAS PARA DINHEIRO E LEITORA DE CÓDIGO DE BARRAS FIXAS.",2019-12-03,Concluído,,0,0,OUTRO,false,,2026-03-26 01:57:23.158968+00
213,PE 50/2019 - SMSAN/FAAC,PE,,,SMSAN/FAAC,Fundo de Abastecimento Alimentar de Curitiba,,AQUISIÇÃO DE EQUIPAMENTOS ELETRÔNICOS PARA ATENDER A FAZENDA URBANA - SMSAN.,2019-12-04,Concluído,,0,0,OUTRO,false,,2026-03-26 01:57:23.351627+00
214,PE 51/2019 - SMSAN/FAAC,PE,,,SMSAN/FAAC,Fundo de Abastecimento Alimentar de Curitiba,,AQUISIÇÃO DE GRAMA COM SERVIÇO DE PLANTIO,2019-12-06,Concluído,,0,0,OUTRO,false,,2026-03-26 01:57:23.575637+00
215,PE 52/2019 - SMSAN/FAAC,PE,,,SMSAN/FAAC,Fundo de Abastecimento Alimentar de Curitiba,,SERVIÇO DE CONFECÇÃO E INSTALAÇÃO DE BALCÕES SOB MEDIDA PARA ATENDER OS ARMAZÉNS DA FAMÍLIA.,2019-12-05,Concluído,,0,0,OUTRO,false,,2026-03-26 01:57:23.756794+00
216,PE 53/2019 - SMSAN/FAAC,PE,,,SMSAN/FAAC,Fundo de Abastecimento Alimentar de Curitiba,,AQUISIÇÃO DE COPOS ECOLÓGICOS E CANECAS PERSONALIZADAS.,2019-12-09,Concluído,,0,0,OUTRO,false,,2026-03-26 01:57:26.465714+00
217,PE 54/2019 - SMSAN/FAAC,PE,,,SMSAN/FAAC,Fundo de Abastecimento Alimentar de Curitiba,,AQUISIÇÃO DE MOBILIÁRIOS E EQUIPAMENTOS PARA OS ARMAZÉNS DA FAMÍLIA E DEMAIS DEPARTAMENTOS DA SECRETARIA MUNICIPAL DE SEGURANÇA ALIMENTAR E NUTRICIONAL DE CURITIBA.,2019-12-05,Concluído,,0,0,OUTRO,false,,2026-03-26 01:57:26.664828+00
218,PE 55/2019 - SMSAN/FAAC,PE,,,SMSAN/FAAC,Fundo de Abastecimento Alimentar de Curitiba,,PRESTAÇÃO DE SERVIÇOS DE FORNECIMENTO E INSTALAÇÃO DE SISTEMA DE IRRIGAÇÃO,2019-12-06,Julgado,,0,0,OUTRO,false,,2026-03-26 01:57:26.853505+00
219,PE 56/2019 - SMSAN/FAAC,PE,,,SMSAN/FAAC,Fundo de Abastecimento Alimentar de Curitiba,,SERVIÇO DE CONFECÇÃO/ INSTALAÇÃO DE MESAS DE CULTIVO ELEVADO E CANTEIROS DE ESTRUTURA METÁLICA E CONSTRUÇÃO DE MINI GALPÃO E CANTEIROS EM ALVENARIA PARA FAZENDA URBANA,2019-12-06,Concluído,,0,0,OUTRO,false,,2026-03-26 01:57:27.037131+00
220,PE 57/2019 - SMSAN/FAAC,PE,,,SMSAN/FAAC,Fundo de Abastecimento Alimentar de Curitiba,,SERVIÇO DE INSTALAÇÃO DE ESTUFAS AGRÍCOLAS COM FORNECIMENTO DE MÃO DE OBRA E MATERIAIS PARA A FAZENDA URBANA.,2019-12-16,Julgado,,0,0,OUTRO,false,,2026-03-26 01:57:27.232042+00
221,PE 58/2019 - SMSAN/FAAC,PE,,,SMSAN/FAAC,Fundo de Abastecimento Alimentar de Curitiba,,PRESTAÇÃO DE SERVIÇO DE INSTALAÇÃO DE POÇO ARTESIANO/SEMI ARTESIANO E CATAVENTO NA FAZENDA URBANA,2019-12-11,Deserto,,0,0,OUTRO,false,,2026-03-26 01:57:29.950993+00
222,PE 59/2019 - SMSAN/FAAC,PE,,,SMSAN/FAAC,Fundo de Abastecimento Alimentar de Curitiba,,AQUISIÇÃO DE INSUMOS PARA HORTAS COMUNITÁRIAS,2019-12-13,Concluído,,0,0,OUTRO,false,,2026-03-26 01:57:30.164891+00
223,AD 1/2020 - SMSAN/FAAC,AD,,,SMSAN/FAAC,Fundo de Abastecimento Alimentar de Curitiba,,PRESTAÇÃO DE SERVIÇOS DE FORNECIMENTO E INSTALAÇÃO DE SISTEMA DE IRRIGAÇÃO.,2020-01-08,Concluído,,0,0,OUTRO,false,,2026-03-26 01:57:30.339462+00
224,AD 2/2020 - SMSAN/FAAC,AD,,,SMSAN/FAAC,Fundo de Abastecimento Alimentar de Curitiba,,PRESTAÇÃO DE SERVIÇOS DE FORNECIMENTO E INSTALAÇÃO DE SISTEMA DE IRRIGAÇÃO.,2020-01-09,Concluído,,0,0,OUTRO,false,,2026-03-26 01:57:30.524746+00
225,AD 3/2020 - SMSAN/FAAC,AD,,,SMSAN/FAAC,Fundo de Abastecimento Alimentar de Curitiba,,AQUISIÇÃO DE EQUIPAMENTOS ELETRÔNICOS PARA ATENDER A FAZENDA URBANA - SMSAN.,2020-01-16,Concluído,,0,0,OUTRO,false,,2026-03-26 01:57:30.716018+00
226,AD 4/2020 - SMSAN/FAAC,AD,,,SMSAN/FAAC,Fundo de Abastecimento Alimentar de Curitiba,,AQUISIÇÃO DE EQUIPAMENTOS ELETRÔNICOS PARA ATENDER A FAZENDA URBANA - SMSAN.,2020-01-16,Concluído,,0,0,OUTRO,false,,2026-03-26 01:57:33.436248+00
227,AD 5/2020 - SMSAN/FAAC,AD,,,SMSAN/FAAC,Fundo de Abastecimento Alimentar de Curitiba,,AQUISIÇÃO DE INSUMOS PARA HORTAS COMUNITÁRIAS,2020-01-16,Concluído,,0,0,OUTRO,false,,2026-03-26 01:57:33.613302+00
228,AD 6/2020 - SMSAN/FAAC,AD,,,SMSAN/FAAC,Fundo de Abastecimento Alimentar de Curitiba,,AQUISIÇÃO DE INSUMOS PARA HORTAS COMUNITÁRIAS,2020-01-16,Concluído,,0,0,OUTRO,false,,2026-03-26 01:57:33.807876+00
229,AD 7/2020 - SMSAN/FAAC,AD,,,SMSAN/FAAC,Fundo de Abastecimento Alimentar de Curitiba,,AQUISIÇÃO DE INSUMOS PARA HORTAS COMUNITÁRIAS,2020-01-16,Concluído,,0,0,OUTRO,false,,2026-03-26 01:57:33.999931+00
230,AD 8/2020 - SMSAN/FAAC,AD,,,SMSAN/FAAC,Fundo de Abastecimento Alimentar de Curitiba,,AQUISIÇÃO DE MOBILIÁRIO E MATERIAIS,2020-01-16,Concluído,,0,0,OUTRO,false,,2026-03-26 01:57:34.191583+00
231,AD 9/2020 - SMSAN/FAAC,AD,,,SMSAN/FAAC,Fundo de Abastecimento Alimentar de Curitiba,,AQUISIÇÃO DE MOBILIÁRIO E MATERIAIS,2020-01-16,Concluído,,0,0,OUTRO,false,,2026-03-26 01:57:36.899191+00
232,AD 10/2020 - SMSAN/FAAC,AD,,,SMSAN/FAAC,Fundo de Abastecimento Alimentar de Curitiba,,AQUISIÇÃO DE MOBILIÁRIO E MATERIAIS,2020-01-16,Concluído,,0,0,OUTRO,false,,2026-03-26 01:57:37.086182+00
233,AD 11/2020 - SMSAN/FAAC,AD,,,SMSAN/FAAC,Fundo de Abastecimento Alimentar de Curitiba,,AQUISIÇÃO DE MOBILIÁRIO E MATERIAIS,2020-01-16,Concluído,,0,0,OUTRO,false,,2026-03-26 01:57:37.277061+00
234,AD 12/2020 - SMSAN/FAAC,AD,,,SMSAN/FAAC,Fundo de Abastecimento Alimentar de Curitiba,,AQUISIÇÃO DE MOBILIÁRIO E MATERIAIS,2020-01-16,Concluído,,0,0,OUTRO,false,,2026-03-26 01:57:37.446381+00
235,AD 13/2020 - SMSAN/FAAC,AD,,,SMSAN/FAAC,Fundo de Abastecimento Alimentar de Curitiba,,AQUISIÇÃO DE MOBILIÁRIO E MATERIAIS,2020-01-16,Concluído,,0,0,OUTRO,false,,2026-03-26 01:57:37.619536+00
236,AD 14/2020 - SMSAN/FAAC,AD,,,SMSAN/FAAC,Fundo de Abastecimento Alimentar de Curitiba,,AQUISIÇÃO DE MOBILIÁRIOS E EQUIPAMENTOS PARA OS ARMAZÉNS DA FAMÍLIA E DEMAIS DEPARTAMENTOS DA SECRETARIA MUNICIPAL DE SEGURANÇA ALIMENTAR E NUTRICIONAL DE CURITIBA,2020-01-16,Concluído,,0,0,OUTRO,false,,2026-03-26 01:57:40.322064+00
237,AD 15/2020 - SMSAN/FAAC,AD,,,SMSAN/FAAC,Fundo de Abastecimento Alimentar de Curitiba,,AQUISIÇÃO DE MOBILIÁRIOS E EQUIPAMENTOS PARA OS ARMAZÉNS DA FAMÍLIA E DEMAIS DEPARTAMENTOS DA SECRETARIA MUNICIPAL DE SEGURANÇA ALIMENTAR E NUTRICIONAL DE CURITIBA.,2020-01-16,Concluído,,0,0,OUTRO,false,,2026-03-26 01:57:40.511923+00
238,AD 16/2020 - SMSAN/FAAC,AD,,,SMSAN/FAAC,Fundo de Abastecimento Alimentar de Curitiba,,AQUISIÇÃO DE INSUMOS PARA HORTAS COMUNITÁRIAS,2020-01-17,Concluído,,0,0,OUTRO,false,,2026-03-26 01:57:40.706361+00
239,AD 17/2020 - SMSAN/FAAC,AD,,,SMSAN/FAAC,Fundo de Abastecimento Alimentar de Curitiba,,AQUISIÇÃO DE INSUMOS PARA HORTAS COMUNITÁRIAS,2020-01-17,Concluído,,0,0,OUTRO,false,,2026-03-26 01:57:40.905597+00
240,AD 18/2020 - SMSAN/FAAC,AD,,,SMSAN/FAAC,Fundo de Abastecimento Alimentar de Curitiba,,AQUISIÇÃO DE EQUIPAMENTOS PARA AS UNIDADES DOS ARMAZÉNS DA FAMÍLIA,2020-01-17,Concluído,,0,0,OUTRO,false,,2026-03-26 01:57:41.099139+00